district,region,date,predicted_rainfall_mm
Abim,Northern,2025-11,62.380426639779756
Abim,Northern,2025-12,18.433460183470114
Abim,Northern,2026-01,9.23669068457346
Abim,Northern,2026-02,27.25183329826414
Abim,Northern,2026-03,62.00163250264719
Abim,Northern,2026-04,149.0938425353717
Abim,Northern,2026-05,166.9429998341561
Abim,Northern,2026-06,119.05839046742376
Abim,Northern,2026-07,148.4765012041119
Abim,Northern,2026-08,154.14111290300104
Abim,Northern,2026-09,98.67288314949674
Abim,Northern,2026-10,110.97350289304813
Abim,Northern,2026-11,59.74399640907433
Abim,Northern,2026-12,23.658164608731628
Adjumani,Northern,2025-11,118.26322536640481
Adjumani,Northern,2025-12,38.866431817995846
Adjumani,Northern,2026-01,16.580040923620462
Adjumani,Northern,2026-02,29.064826061135587
Adjumani,Northern,2026-03,62.98235826553396
Adjumani,Northern,2026-04,129.66594782621095
Adjumani,Northern,2026-05,150.6917269583506
Adjumani,Northern,2026-06,135.14061336494962
Adjumani,Northern,2026-07,145.9854038724528
Adjumani,Northern,2026-08,183.7493832435743
Adjumani,Northern,2026-09,147.48696483125966
Adjumani,Northern,2026-10,156.70697542746717
Adjumani,Northern,2026-11,99.13779095560369
Adjumani,Northern,2026-12,40.98464189869807
Agago,Northern,2025-11,72.95937735359198
Agago,Northern,2025-12,17.86777580596327
Agago,Northern,2026-01,9.643478113456146
Agago,Northern,2026-02,26.901358164747318
Agago,Northern,2026-03,68.65717484924872
Agago,Northern,2026-04,154.85941750225732
Agago,Northern,2026-05,193.74205068168104
Agago,Northern,2026-06,140.95995672771946
Agago,Northern,2026-07,153.83232731700585
Agago,Northern,2026-08,175.55718329766736
Agago,Northern,2026-09,118.85986124808137
Agago,Northern,2026-10,131.77361025961784
Agago,Northern,2026-11,70.64325802243066
Agago,Northern,2026-12,25.682696494005015
Alebtong,Northern,2025-11,97.77058104849398
Alebtong,Northern,2025-12,19.53981384626654
Alebtong,Northern,2026-01,31.5791426113116
Alebtong,Northern,2026-02,62.76301779132655
Alebtong,Northern,2026-03,87.10050106078909
Alebtong,Northern,2026-04,154.30441237242292
Alebtong,Northern,2026-05,210.565754954654
Alebtong,Northern,2026-06,137.09249300012593
Alebtong,Northern,2026-07,164.24963415446314
Alebtong,Northern,2026-08,198.7168420367935
Alebtong,Northern,2026-09,145.44820156980165
Alebtong,Northern,2026-10,147.53792148807258
Alebtong,Northern,2026-11,82.2116447682198
Alebtong,Northern,2026-12,27.872801565704226
Amolatar,Northern,2025-11,107.36987001882045
Amolatar,Northern,2025-12,86.96406761231928
Amolatar,Northern,2026-01,47.62704111313298
Amolatar,Northern,2026-02,113.6447588458501
Amolatar,Northern,2026-03,133.91974676357745
Amolatar,Northern,2026-04,185.12645996585564
Amolatar,Northern,2026-05,201.01539215501157
Amolatar,Northern,2026-06,106.09258684883402
Amolatar,Northern,2026-07,104.83376224405889
Amolatar,Northern,2026-08,163.42405554056876
Amolatar,Northern,2026-09,167.81518324086176
Amolatar,Northern,2026-10,158.89608318941393
Amolatar,Northern,2026-11,113.10556214172715
Amolatar,Northern,2026-12,83.65555835418951
Amudat,Northern,2025-11,58.75755551011653
Amudat,Northern,2025-12,20.8503737488445
Amudat,Northern,2026-01,10.288278679515889
Amudat,Northern,2026-02,21.199344784049185
Amudat,Northern,2026-03,50.28915199064675
Amudat,Northern,2026-04,107.43647911044587
Amudat,Northern,2026-05,96.51044480232162
Amudat,Northern,2026-06,64.77728798989166
Amudat,Northern,2026-07,124.47801532114539
Amudat,Northern,2026-08,122.20497357022069
Amudat,Northern,2026-09,86.93827333720789
Amudat,Northern,2026-10,91.8421787843933
Amudat,Northern,2026-11,47.04891017378369
Amudat,Northern,2026-12,23.772932223695406
Amuru,Northern,2025-11,137.81842715115425
Amuru,Northern,2025-12,50.407842031576486
Amuru,Northern,2026-01,16.350140395870316
Amuru,Northern,2026-02,29.9891499499767
Amuru,Northern,2026-03,85.67956868844634
Amuru,Northern,2026-04,151.5274103436443
Amuru,Northern,2026-05,162.2301941113775
Amuru,Northern,2026-06,119.27175679092932
Amuru,Northern,2026-07,128.3475151139945
Amuru,Northern,2026-08,173.3862305788955
Amuru,Northern,2026-09,153.34691802141887
Amuru,Northern,2026-10,160.7737122895829
Amuru,Northern,2026-11,111.60300677914199
Amuru,Northern,2026-12,53.11316558526002
Apac,Northern,2025-11,107.79853025308874
Apac,Northern,2025-12,85.77520650527985
Apac,Northern,2026-01,31.82471984583078
Apac,Northern,2026-02,73.6977030457625
Apac,Northern,2026-03,117.72804908999733
Apac,Northern,2026-04,168.70510037892672
Apac,Northern,2026-05,207.36746078489213
Apac,Northern,2026-06,113.01383397999126
Apac,Northern,2026-07,102.3817456546206
Apac,Northern,2026-08,151.88110187736066
Apac,Northern,2026-09,175.61609950668654
Apac,Northern,2026-10,155.82479993072624
Apac,Northern,2026-11,116.25948813446902
Apac,Northern,2026-12,86.36360659972156
Arua,Northern,2025-11,110.79509891032185
Arua,Northern,2025-12,22.249306445392907
Arua,Northern,2026-01,8.097988401084542
Arua,Northern,2026-02,31.042376024352123
Arua,Northern,2026-03,87.4581622560658
Arua,Northern,2026-04,131.89890612064121
Arua,Northern,2026-05,123.39151860350101
Arua,Northern,2026-06,97.69784417400561
Arua,Northern,2026-07,137.25068791463775
Arua,Northern,2026-08,169.78735805367498
Arua,Northern,2026-09,168.0670889710761
Arua,Northern,2026-10,178.63625240271696
Arua,Northern,2026-11,110.39936748405572
Arua,Northern,2026-12,22.598159984473405
Budaka,Eastern,2025-11,135.9724919186443
Budaka,Eastern,2025-12,79.379229116342
Budaka,Eastern,2026-01,40.71474341408741
Budaka,Eastern,2026-02,86.84098340906647
Budaka,Eastern,2026-03,110.46671758921559
Budaka,Eastern,2026-04,209.330639376097
Budaka,Eastern,2026-05,208.71086575697117
Budaka,Eastern,2026-06,155.65619364626534
Budaka,Eastern,2026-07,148.69074150955484
Budaka,Eastern,2026-08,162.4774532807563
Budaka,Eastern,2026-09,157.24511928870766
Budaka,Eastern,2026-10,164.49750227261018
Budaka,Eastern,2026-11,134.76788522273236
Budaka,Eastern,2026-12,86.65977089799655
Bugiri,Eastern,2025-11,145.28119996124113
Bugiri,Eastern,2025-12,143.07190152190606
Bugiri,Eastern,2026-01,82.27370907307882
Bugiri,Eastern,2026-02,101.33729045326696
Bugiri,Eastern,2026-03,183.07927240457659
Bugiri,Eastern,2026-04,237.80224984101548
Bugiri,Eastern,2026-05,245.54738217804487
Bugiri,Eastern,2026-06,96.42805828464576
Bugiri,Eastern,2026-07,73.44631842451844
Bugiri,Eastern,2026-08,117.15964625268431
Bugiri,Eastern,2026-09,140.04250458832158
Bugiri,Eastern,2026-10,156.16875253819467
Bugiri,Eastern,2026-11,129.39627812533473
Bugiri,Eastern,2026-12,143.7979730592672
Buhweju,Western,2025-11,140.67675065533686
Buhweju,Western,2025-12,101.17429269385988
Buhweju,Western,2026-01,49.624605217019806
Buhweju,Western,2026-02,55.7776040672233
Buhweju,Western,2026-03,169.48593480976794
Buhweju,Western,2026-04,148.21904575702146
Buhweju,Western,2026-05,109.71171428428048
Buhweju,Western,2026-06,74.12714177456165
Buhweju,Western,2026-07,52.85554057015038
Buhweju,Western,2026-08,115.02086692265864
Buhweju,Western,2026-09,139.01176576306986
Buhweju,Western,2026-10,127.90090672353102
Buhweju,Western,2026-11,115.70727219093799
Buhweju,Western,2026-12,118.60423960644175
Buikwe,Central,2025-11,166.94359749441097
Buikwe,Central,2025-12,135.27450739171462
Buikwe,Central,2026-01,84.14340274302378
Buikwe,Central,2026-02,92.18073716541222
Buikwe,Central,2026-03,189.2040641596392
Buikwe,Central,2026-04,247.14598311998955
Buikwe,Central,2026-05,226.08417261627935
Buikwe,Central,2026-06,85.34455787068269
Buikwe,Central,2026-07,77.36693306776903
Buikwe,Central,2026-08,117.68549355692136
Buikwe,Central,2026-09,142.19417411936277
Buikwe,Central,2026-10,189.81115712519338
Buikwe,Central,2026-11,209.0046085472358
Buikwe,Central,2026-12,130.43846111008565
Bukedea,Eastern,2025-11,95.18184112559904
Bukedea,Eastern,2025-12,60.85357351686761
Bukedea,Eastern,2026-01,28.99024654706141
Bukedea,Eastern,2026-02,55.90259499022582
Bukedea,Eastern,2026-03,100.55183914810591
Bukedea,Eastern,2026-04,199.01160483834454
Bukedea,Eastern,2026-05,228.33500611537266
Bukedea,Eastern,2026-06,119.60215349639633
Bukedea,Eastern,2026-07,152.56635228866367
Bukedea,Eastern,2026-08,155.3873973252707
Bukedea,Eastern,2026-09,153.22838480026454
Bukedea,Eastern,2026-10,158.34603952043503
Bukedea,Eastern,2026-11,88.45723785826968
Bukedea,Eastern,2026-12,79.60886220780192
Bukwo,Eastern,2025-11,130.73441501532795
Bukwo,Eastern,2025-12,49.41379347328214
Bukwo,Eastern,2026-01,34.981233272804
Bukwo,Eastern,2026-02,58.630916564717836
Bukwo,Eastern,2026-03,87.79233983040746
Bukwo,Eastern,2026-04,162.25466611104565
Bukwo,Eastern,2026-05,191.85252966546435
Bukwo,Eastern,2026-06,145.46536441610556
Bukwo,Eastern,2026-07,193.37627544188382
Bukwo,Eastern,2026-08,165.38681538899738
Bukwo,Eastern,2026-09,129.34466796873096
Bukwo,Eastern,2026-10,171.44298166985016
Bukwo,Eastern,2026-11,117.0004719514922
Bukwo,Eastern,2026-12,46.09071322273488
Bulambuli,Eastern,2025-11,104.09445754060607
Bulambuli,Eastern,2025-12,18.063967560857655
Bulambuli,Eastern,2026-01,27.691756417983026
Bulambuli,Eastern,2026-02,34.35813040864397
Bulambuli,Eastern,2026-03,77.92123750390282
Bulambuli,Eastern,2026-04,173.3084479136288
Bulambuli,Eastern,2026-05,214.17057864700863
Bulambuli,Eastern,2026-06,136.78067672989692
Bulambuli,Eastern,2026-07,154.71195493787914
Bulambuli,Eastern,2026-08,174.01210135313448
Bulambuli,Eastern,2026-09,159.31598780856152
Bulambuli,Eastern,2026-10,175.1464336621941
Bulambuli,Eastern,2026-11,89.3356487408229
Bulambuli,Eastern,2026-12,19.533560658068964
Buliisa,Western,2025-11,5.906816172047258
Buliisa,Western,2025-12,44.446512387001825
Buliisa,Western,2026-01,45.882899785492654
Buliisa,Western,2026-02,65.19897740478993
Buliisa,Western,2026-03,76.41645690420903
Buliisa,Western,2026-04,138.04486962199823
Buliisa,Western,2026-05,138.12421080719915
Buliisa,Western,2026-06,108.41542050738482
Buliisa,Western,2026-07,121.12229603404211
Buliisa,Western,2026-08,142.45186011258565
Buliisa,Western,2026-09,149.10004268707945
Buliisa,Western,2026-10,197.00901589330252
Buliisa,Western,2026-11,152.67441348344474
Buliisa,Western,2026-12,45.51955219441398
Bundibugyo,Western,2025-11,155.59041523572554
Bundibugyo,Western,2025-12,107.48345924679626
Bundibugyo,Western,2026-01,61.16105208912498
Bundibugyo,Western,2026-02,61.01468706289289
Bundibugyo,Western,2026-03,157.3521040616218
Bundibugyo,Western,2026-04,189.0981961626747
Bundibugyo,Western,2026-05,135.4301775162836
Bundibugyo,Western,2026-06,98.30037692061096
Bundibugyo,Western,2026-07,117.81626687313505
Bundibugyo,Western,2026-08,147.81176860981944
Bundibugyo,Western,2026-09,155.01627858267898
Bundibugyo,Western,2026-10,203.06892545276355
Bundibugyo,Western,2026-11,144.5134850141647
Bundibugyo,Western,2026-12,107.95721064131935
Bunyangabu,Western,2025-11,165.5375097402187
Bunyangabu,Western,2025-12,105.32795042212254
Bunyangabu,Western,2026-01,60.318283173213324
Bunyangabu,Western,2026-02,61.73577497520422
Bunyangabu,Western,2026-03,162.639132020973
Bunyangabu,Western,2026-04,185.09129018189324
Bunyangabu,Western,2026-05,124.32908543061517
Bunyangabu,Western,2026-06,63.300135671539884
Bunyangabu,Western,2026-07,48.50158528706584
Bunyangabu,Western,2026-08,125.433678520146
Bunyangabu,Western,2026-09,162.74235122802827
Bunyangabu,Western,2026-10,206.98178889859145
Bunyangabu,Western,2026-11,160.50980422111311
Bunyangabu,Western,2026-12,107.30857455302139
Bushenyi,Western,2025-11,150.4683830773086
Bushenyi,Western,2025-12,119.70090184987026
Bushenyi,Western,2026-01,63.26866275494575
Bushenyi,Western,2026-02,61.443522052865575
Bushenyi,Western,2026-03,170.0394880230275
Bushenyi,Western,2026-04,136.89009697062696
Bushenyi,Western,2026-05,105.25322178108921
Bushenyi,Western,2026-06,41.22131866657593
Bushenyi,Western,2026-07,30.74645312779412
Bushenyi,Western,2026-08,94.13886146657549
Bushenyi,Western,2026-09,140.97679848586336
Bushenyi,Western,2026-10,146.25318392437805
Bushenyi,Western,2026-11,143.1919302651349
Bushenyi,Western,2026-12,122.17500583112684
Busia,Eastern,2025-11,160.6302007388735
Busia,Eastern,2025-12,140.8150576292837
Busia,Eastern,2026-01,76.64362141021292
Busia,Eastern,2026-02,85.37562551023368
Busia,Eastern,2026-03,180.45242987633253
Busia,Eastern,2026-04,241.7426598479881
Busia,Eastern,2026-05,260.3414681724851
Busia,Eastern,2026-06,116.2626385616878
Busia,Eastern,2026-07,86.2249642201946
Busia,Eastern,2026-08,117.80506267843286
Busia,Eastern,2026-09,149.91804733956857
Busia,Eastern,2026-10,156.9254161546603
Busia,Eastern,2026-11,125.47785385098949
Busia,Eastern,2026-12,140.17515158656266
Butambala,Central,2025-11,169.13484369183038
Butambala,Central,2025-12,120.69684126976485
Butambala,Central,2026-01,76.32801939100501
Butambala,Central,2026-02,83.21482210473543
Butambala,Central,2026-03,172.23992905353018
Butambala,Central,2026-04,195.8366062528784
Butambala,Central,2026-05,174.124976404128
Butambala,Central,2026-06,76.75361883273098
Butambala,Central,2026-07,55.99734859446673
Butambala,Central,2026-08,114.32002521167006
Butambala,Central,2026-09,125.52900616081699
Butambala,Central,2026-10,174.09364317570908
Butambala,Central,2026-11,189.48983120256815
Butambala,Central,2026-12,116.7213269375797
Buvuma,Central,2025-11,113.76750130850458
Buvuma,Central,2025-12,158.48052552386824
Buvuma,Central,2026-01,82.67572489875212
Buvuma,Central,2026-02,94.76172126026034
Buvuma,Central,2026-03,187.16378476139423
Buvuma,Central,2026-04,253.4225444764584
Buvuma,Central,2026-05,236.04190047223034
Buvuma,Central,2026-06,104.99162571351967
Buvuma,Central,2026-07,63.68306042683992
Buvuma,Central,2026-08,108.68004394136307
Buvuma,Central,2026-09,119.36634434454018
Buvuma,Central,2026-10,119.5606778794888
Buvuma,Central,2026-11,112.28546195584332
Buvuma,Central,2026-12,147.89011608113168
Buyende,Eastern,2025-11,107.89331040861249
Buyende,Eastern,2025-12,83.68775458895581
Buyende,Eastern,2026-01,92.46918956489009
Buyende,Eastern,2026-02,87.94245297344204
Buyende,Eastern,2026-03,169.10838555740375
Buyende,Eastern,2026-04,240.21409752252305
Buyende,Eastern,2026-05,252.76701581112764
Buyende,Eastern,2026-06,103.5232048023098
Buyende,Eastern,2026-07,106.73734036358415
Buyende,Eastern,2026-08,165.909200522654
Buyende,Eastern,2026-09,162.65953386574816
Buyende,Eastern,2026-10,169.02585982896485
Buyende,Eastern,2026-11,119.41014654214419
Buyende,Eastern,2026-12,50.54058261233585
Dokolo,Northern,2025-11,159.42342395730637
Dokolo,Northern,2025-12,64.62801174841624
Dokolo,Northern,2026-01,28.852261119576085
Dokolo,Northern,2026-02,71.13122346045253
Dokolo,Northern,2026-03,102.16683795832245
Dokolo,Northern,2026-04,177.90583124577577
Dokolo,Northern,2026-05,210.33138968029678
Dokolo,Northern,2026-06,114.16251304815593
Dokolo,Northern,2026-07,138.3794470191095
Dokolo,Northern,2026-08,172.25193013042258
Dokolo,Northern,2026-09,175.68574976621986
Dokolo,Northern,2026-10,148.56588596103822
Dokolo,Northern,2026-11,106.12999469826828
Dokolo,Northern,2026-12,85.0664335653732
Gomba,Central,2025-11,139.40327853709513
Gomba,Central,2025-12,101.32609860955965
Gomba,Central,2026-01,55.23936727053294
Gomba,Central,2026-02,51.22093837283945
Gomba,Central,2026-03,161.06838931556354
Gomba,Central,2026-04,163.683171852912
Gomba,Central,2026-05,144.5560549466393
Gomba,Central,2026-06,56.35483028673758
Gomba,Central,2026-07,48.785565790045794
Gomba,Central,2026-08,116.51483921176182
Gomba,Central,2026-09,131.5632883885487
Gomba,Central,2026-10,149.39852766270621
Gomba,Central,2026-11,135.66144513281958
Gomba,Central,2026-12,104.26115907541309
Gulu,Northern,2025-11,140.74842698818352
Gulu,Northern,2025-12,35.3546787640712
Gulu,Northern,2026-01,14.022616380741761
Gulu,Northern,2026-02,35.98644986398186
Gulu,Northern,2026-03,75.59235110390732
Gulu,Northern,2026-04,137.1665169842693
Gulu,Northern,2026-05,168.49319330163314
Gulu,Northern,2026-06,131.68162373785322
Gulu,Northern,2026-07,144.24334117901432
Gulu,Northern,2026-08,189.6163363958024
Gulu,Northern,2026-09,160.91795770233185
Gulu,Northern,2026-10,145.3741935818571
Gulu,Northern,2026-11,96.62309329778516
Gulu,Northern,2026-12,41.269188446769014
Hoima,Western,2025-11,148.50239500297698
Hoima,Western,2025-12,48.85995389824827
Hoima,Western,2026-01,61.32637828610882
Hoima,Western,2026-02,62.48474622033922
Hoima,Western,2026-03,138.42989122849758
Hoima,Western,2026-04,210.81485802896833
Hoima,Western,2026-05,178.0657332090391
Hoima,Western,2026-06,109.50366109999958
Hoima,Western,2026-07,119.17571957082399
Hoima,Western,2026-08,156.90361870907395
Hoima,Western,2026-09,154.878005131653
Hoima,Western,2026-10,233.0690312992692
Hoima,Western,2026-11,186.948918096742
Hoima,Western,2026-12,54.93479989285018
Ibanda,Western,2025-11,115.68294815490191
Ibanda,Western,2025-12,120.10504532046984
Ibanda,Western,2026-01,59.57296274732997
Ibanda,Western,2026-02,53.90063058079853
Ibanda,Western,2026-03,164.31706277526425
Ibanda,Western,2026-04,140.76752902182648
Ibanda,Western,2026-05,88.0069628787508
Ibanda,Western,2026-06,38.93892858796958
Ibanda,Western,2026-07,42.008211105411974
Ibanda,Western,2026-08,82.70302762186395
Ibanda,Western,2026-09,127.10331484244114
Ibanda,Western,2026-10,146.0881260388179
Ibanda,Western,2026-11,112.61494115882226
Ibanda,Western,2026-12,120.58588345393198
Iganga,Eastern,2025-11,145.4042421516602
Iganga,Eastern,2025-12,82.50417877731198
Iganga,Eastern,2026-01,106.34519719047647
Iganga,Eastern,2026-02,125.80576144443917
Iganga,Eastern,2026-03,185.4662821928614
Iganga,Eastern,2026-04,236.26704595204654
Iganga,Eastern,2026-05,245.57361555791587
Iganga,Eastern,2026-06,117.07350016221842
Iganga,Eastern,2026-07,126.76685014143781
Iganga,Eastern,2026-08,174.5713625231891
Iganga,Eastern,2026-09,162.8477273461856
Iganga,Eastern,2026-10,202.59608745192864
Iganga,Eastern,2026-11,157.5219578807824
Iganga,Eastern,2026-12,86.568775605906
Isingiro,Western,2025-11,126.38029380911873
Isingiro,Western,2025-12,106.0610302706537
Isingiro,Western,2026-01,61.2659850558193
Isingiro,Western,2026-02,57.39030404161178
Isingiro,Western,2026-03,162.42479536875965
Isingiro,Western,2026-04,140.53487485085546
Isingiro,Western,2026-05,93.56178448124008
Isingiro,Western,2026-06,29.976919043478976
Isingiro,Western,2026-07,42.63653696487584
Isingiro,Western,2026-08,72.67714565904716
Isingiro,Western,2026-09,118.18923581276488
Isingiro,Western,2026-10,125.73139026090377
Isingiro,Western,2026-11,110.42914824097785
Isingiro,Western,2026-12,119.41152380442944
Jinja,Eastern,2025-11,188.80681358248293
Jinja,Eastern,2025-12,133.59079907467762
Jinja,Eastern,2026-01,89.2269157994013
Jinja,Eastern,2026-02,93.73012317242419
Jinja,Eastern,2026-03,181.44832258895664
Jinja,Eastern,2026-04,254.02553693510225
Jinja,Eastern,2026-05,243.7586899279546
Jinja,Eastern,2026-06,94.03240609727955
Jinja,Eastern,2026-07,101.8220325698795
Jinja,Eastern,2026-08,138.58679414784004
Jinja,Eastern,2026-09,153.53359168568994
Jinja,Eastern,2026-10,195.04271218474167
Jinja,Eastern,2026-11,221.61111042357115
Jinja,Eastern,2026-12,136.92116197985436
Kaabong,Northern,2025-11,43.75122397557411
Kaabong,Northern,2025-12,25.743300487338352
Kaabong,Northern,2026-01,10.21960634022868
Kaabong,Northern,2026-02,20.90246050694805
Kaabong,Northern,2026-03,51.74363909965391
Kaabong,Northern,2026-04,104.57552257241112
Kaabong,Northern,2026-05,103.37084379349031
Kaabong,Northern,2026-06,78.93771164755505
Kaabong,Northern,2026-07,104.20543406353478
Kaabong,Northern,2026-08,84.86159545160002
Kaabong,Northern,2026-09,49.86074738006781
Kaabong,Northern,2026-10,68.7116902019432
Kaabong,Northern,2026-11,37.17099408760692
Kaabong,Northern,2026-12,41.568078772062755
Kabale,Western,2025-11,148.48736188366928
Kabale,Western,2025-12,109.11265919285403
Kabale,Western,2026-01,65.05297982678222
Kabale,Western,2026-02,72.4105897778874
Kabale,Western,2026-03,162.95476908878774
Kabale,Western,2026-04,152.77762227626945
Kabale,Western,2026-05,118.05767330977514
Kabale,Western,2026-06,24.898842634504796
Kabale,Western,2026-07,23.69592382246037
Kabale,Western,2026-08,62.945276546345546
Kabale,Western,2026-09,108.6707461758277
Kabale,Western,2026-10,129.5407672654542
Kabale,Western,2026-11,136.25175100953905
Kabale,Western,2026-12,107.84653686063777
Kaberamaido,Eastern,2025-11,137.54372249066145
Kaberamaido,Eastern,2025-12,47.829240125684855
Kaberamaido,Eastern,2026-01,32.0082667220487
Kaberamaido,Eastern,2026-02,84.82628216539428
Kaberamaido,Eastern,2026-03,127.12994587020492
Kaberamaido,Eastern,2026-04,187.54755316535545
Kaberamaido,Eastern,2026-05,201.12881442358758
Kaberamaido,Eastern,2026-06,103.61536956302821
Kaberamaido,Eastern,2026-07,116.4627861212618
Kaberamaido,Eastern,2026-08,150.0015621636883
Kaberamaido,Eastern,2026-09,160.31203139604767
Kaberamaido,Eastern,2026-10,152.425941143552
Kaberamaido,Eastern,2026-11,109.30454746769982
Kaberamaido,Eastern,2026-12,85.74423329890278
Kagadi,Western,2025-11,125.7954648108149
Kagadi,Western,2025-12,112.27511114308584
Kagadi,Western,2026-01,57.39482942063097
Kagadi,Western,2026-02,52.87662891587952
Kagadi,Western,2026-03,157.17143440623784
Kagadi,Western,2026-04,195.1397176425329
Kagadi,Western,2026-05,199.878485635537
Kagadi,Western,2026-06,108.43941136896233
Kagadi,Western,2026-07,117.44761303092649
Kagadi,Western,2026-08,124.97326727255734
Kagadi,Western,2026-09,133.73064107876465
Kagadi,Western,2026-10,201.99629042815866
Kagadi,Western,2026-11,157.54179507788191
Kagadi,Western,2026-12,108.65841693712382
Kakumiro,Western,2025-11,113.31576549593825
Kakumiro,Western,2025-12,114.9922987488808
Kakumiro,Western,2026-01,56.60168270488505
Kakumiro,Western,2026-02,56.58106935355249
Kakumiro,Western,2026-03,161.48708262345318
Kakumiro,Western,2026-04,195.76745600397186
Kakumiro,Western,2026-05,192.34026627837292
Kakumiro,Western,2026-06,108.50328274881403
Kakumiro,Western,2026-07,63.13857639156729
Kakumiro,Western,2026-08,119.6188990350998
Kakumiro,Western,2026-09,140.1397616643233
Kakumiro,Western,2026-10,163.40471791646505
Kakumiro,Western,2026-11,120.49884112829322
Kakumiro,Western,2026-12,115.31711256806193
Kalangala,Central,2025-11,117.54728804556842
Kalangala,Central,2025-12,140.36718144345167
Kalangala,Central,2026-01,86.40336803082697
Kalangala,Central,2026-02,89.04767060364642
Kalangala,Central,2026-03,185.78500752405498
Kalangala,Central,2026-04,261.825505029054
Kalangala,Central,2026-05,257.61008735340886
Kalangala,Central,2026-06,140.90999130057816
Kalangala,Central,2026-07,66.07266648387036
Kalangala,Central,2026-08,100.09733469438392
Kalangala,Central,2026-09,117.11725528907812
Kalangala,Central,2026-10,124.62993362595894
Kalangala,Central,2026-11,110.685010197017
Kalangala,Central,2026-12,139.9910987055272
Kaliro,Eastern,2025-11,121.51841327114775
Kaliro,Eastern,2025-12,52.101915872889265
Kaliro,Eastern,2026-01,74.55980809163111
Kaliro,Eastern,2026-02,97.98450650432453
Kaliro,Eastern,2026-03,172.56957646802556
Kaliro,Eastern,2026-04,228.70229566917715
Kaliro,Eastern,2026-05,248.04765055814184
Kaliro,Eastern,2026-06,133.95065206355167
Kaliro,Eastern,2026-07,138.68201274004417
Kaliro,Eastern,2026-08,182.03088119319165
Kaliro,Eastern,2026-09,167.072133505858
Kaliro,Eastern,2026-10,175.9745701425466
Kaliro,Eastern,2026-11,138.24354861069207
Kaliro,Eastern,2026-12,49.46351114197805
Kalungu,Central,2025-11,122.00827378973405
Kalungu,Central,2025-12,117.99792953046237
Kalungu,Central,2026-01,70.04696478046073
Kalungu,Central,2026-02,71.09597077734189
Kalungu,Central,2026-03,191.87067650864182
Kalungu,Central,2026-04,176.33553752616913
Kalungu,Central,2026-05,165.09588023671608
Kalungu,Central,2026-06,65.06046622247132
Kalungu,Central,2026-07,33.43496271638848
Kalungu,Central,2026-08,78.34037977043715
Kalungu,Central,2026-09,110.22071903149202
Kalungu,Central,2026-10,142.34436396046215
Kalungu,Central,2026-11,125.01147545731868
Kalungu,Central,2026-12,117.91955854208895
Kamuli,Eastern,2025-11,158.6751915287454
Kamuli,Eastern,2025-12,112.11117844528462
Kamuli,Eastern,2026-01,83.13978479575266
Kamuli,Eastern,2026-02,92.52788385040151
Kamuli,Eastern,2026-03,176.6086400163944
Kamuli,Eastern,2026-04,233.39825801547872
Kamuli,Eastern,2026-05,241.6819219130812
Kamuli,Eastern,2026-06,93.28353917660561
Kamuli,Eastern,2026-07,83.88463001670561
Kamuli,Eastern,2026-08,135.5870931273941
Kamuli,Eastern,2026-09,166.64155792849047
Kamuli,Eastern,2026-10,218.2646498423953
Kamuli,Eastern,2026-11,167.993592543387
Kamuli,Eastern,2026-12,110.49500009847617
Kamwenge,Western,2025-11,133.80078891790959
Kamwenge,Western,2025-12,93.09234846652606
Kamwenge,Western,2026-01,48.28557295007688
Kamwenge,Western,2026-02,50.79221974449118
Kamwenge,Western,2026-03,153.67996539718786
Kamwenge,Western,2026-04,172.1038868316554
Kamwenge,Western,2026-05,102.94572439044121
Kamwenge,Western,2026-06,51.92312886028236
Kamwenge,Western,2026-07,37.88606604158377
Kamwenge,Western,2026-08,112.96710671579311
Kamwenge,Western,2026-09,133.44810809887443
Kamwenge,Western,2026-10,157.17815615973058
Kamwenge,Western,2026-11,121.08460156940335
Kamwenge,Western,2026-12,107.29628635560273
Kanungu,Western,2025-11,153.19566383611087
Kanungu,Western,2025-12,106.2238340359245
Kanungu,Western,2026-01,63.79955206416703
Kanungu,Western,2026-02,64.35207614954595
Kanungu,Western,2026-03,166.75922779417647
Kanungu,Western,2026-04,150.07617356710946
Kanungu,Western,2026-05,129.58861334130933
Kanungu,Western,2026-06,79.33203982238842
Kanungu,Western,2026-07,63.85546692332429
Kanungu,Western,2026-08,125.96971195532824
Kanungu,Western,2026-09,147.0112741953454
Kanungu,Western,2026-10,177.56669594135607
Kanungu,Western,2026-11,152.92062441468687
Kanungu,Western,2026-12,106.22623100276788
Kapchorwa,Eastern,2025-11,202.81628471471336
Kapchorwa,Eastern,2025-12,61.65692553135533
Kapchorwa,Eastern,2026-01,43.01792307489915
Kapchorwa,Eastern,2026-02,44.919322489392655
Kapchorwa,Eastern,2026-03,107.97568691141541
Kapchorwa,Eastern,2026-04,248.4811565518007
Kapchorwa,Eastern,2026-05,217.44888218569676
Kapchorwa,Eastern,2026-06,187.9498566491936
Kapchorwa,Eastern,2026-07,201.65917942053832
Kapchorwa,Eastern,2026-08,211.16788405645457
Kapchorwa,Eastern,2026-09,132.06138225737075
Kapchorwa,Eastern,2026-10,232.5229635980747
Kapchorwa,Eastern,2026-11,202.61894192830866
Kapchorwa,Eastern,2026-12,60.33204181249444
Kapelebyong,Eastern,2025-11,92.5070194788847
Kapelebyong,Eastern,2025-12,17.983789240037257
Kapelebyong,Eastern,2026-01,30.16892831160843
Kapelebyong,Eastern,2026-02,59.16762848836424
Kapelebyong,Eastern,2026-03,87.13815662503265
Kapelebyong,Eastern,2026-04,144.7857392517521
Kapelebyong,Eastern,2026-05,217.9976322125891
Kapelebyong,Eastern,2026-06,145.1975771624591
Kapelebyong,Eastern,2026-07,158.4410629525796
Kapelebyong,Eastern,2026-08,183.13115615293748
Kapelebyong,Eastern,2026-09,126.18702561834456
Kapelebyong,Eastern,2026-10,136.2007291984939
Kapelebyong,Eastern,2026-11,82.04907920817901
Kapelebyong,Eastern,2026-12,25.938191052229534
Karenga,Northern,2025-11,50.015025705341834
Karenga,Northern,2025-12,22.86439066171626
Karenga,Northern,2026-01,10.03432590368235
Karenga,Northern,2026-02,24.668491569538475
Karenga,Northern,2026-03,56.27802069724943
Karenga,Northern,2026-04,109.82732252180071
Karenga,Northern,2026-05,99.18636456758767
Karenga,Northern,2026-06,86.3825300237509
Karenga,Northern,2026-07,125.03165614330287
Karenga,Northern,2026-08,120.5721388075637
Karenga,Northern,2026-09,82.68844064396698
Karenga,Northern,2026-10,67.6183633703803
Karenga,Northern,2026-11,50.71314794570762
Karenga,Northern,2026-12,33.161307919792655
Kasese,Western,2025-11,142.41933098607026
Kasese,Western,2025-12,108.1270208221547
Kasese,Western,2026-01,59.44001634815715
Kasese,Western,2026-02,56.25277099848992
Kasese,Western,2026-03,156.54728487988186
Kasese,Western,2026-04,158.14223731741447
Kasese,Western,2026-05,132.89578111383747
Kasese,Western,2026-06,73.58638411153355
Kasese,Western,2026-07,57.55225757844819
Kasese,Western,2026-08,98.48561536854344
Kasese,Western,2026-09,127.73336241781679
Kasese,Western,2026-10,166.90522699948494
Kasese,Western,2026-11,144.66723340655307
Kasese,Western,2026-12,108.98706802852503
Kassanda,Central,2025-11,131.6713112751668
Kassanda,Central,2025-12,102.94892008534954
Kassanda,Central,2026-01,57.46592817249105
Kassanda,Central,2026-02,54.3790548078413
Kassanda,Central,2026-03,173.33564066843257
Kassanda,Central,2026-04,178.99129495827617
Kassanda,Central,2026-05,145.34772000705
Kassanda,Central,2026-06,58.63379699210466
Kassanda,Central,2026-07,50.2586858588595
Kassanda,Central,2026-08,119.83522856308946
Kassanda,Central,2026-09,136.72068175159166
Kassanda,Central,2026-10,170.78170203429042
Kassanda,Central,2026-11,146.6751894288242
Kassanda,Central,2026-12,99.18784139183937
Katakwi,Eastern,2025-11,110.51225751842615
Katakwi,Eastern,2025-12,34.84749008000168
Katakwi,Eastern,2026-01,25.894093780483832
Katakwi,Eastern,2026-02,59.98263029708746
Katakwi,Eastern,2026-03,88.46108488205164
Katakwi,Eastern,2026-04,183.47902071006567
Katakwi,Eastern,2026-05,229.10955441880432
Katakwi,Eastern,2026-06,138.1589899739752
Katakwi,Eastern,2026-07,169.19011746320874
Katakwi,Eastern,2026-08,188.92499772679898
Katakwi,Eastern,2026-09,127.68498104130363
Katakwi,Eastern,2026-10,152.78540259546503
Katakwi,Eastern,2026-11,86.01102608091365
Katakwi,Eastern,2026-12,46.40015094245803
Kayunga,Central,2025-11,180.4179850437069
Kayunga,Central,2025-12,129.10197087762268
Kayunga,Central,2026-01,53.1799365383001
Kayunga,Central,2026-02,122.1104893729154
Kayunga,Central,2026-03,184.80843682887982
Kayunga,Central,2026-04,235.6151213988938
Kayunga,Central,2026-05,230.03040180042964
Kayunga,Central,2026-06,103.31489760559472
Kayunga,Central,2026-07,75.3954098097092
Kayunga,Central,2026-08,130.10742043936116
Kayunga,Central,2026-09,157.65083445792968
Kayunga,Central,2026-10,196.5692791706288
Kayunga,Central,2026-11,206.37240990823298
Kayunga,Central,2026-12,120.49708196269337
Kazo,Western,2025-11,117.37974291856885
Kazo,Western,2025-12,115.42560222848421
Kazo,Western,2026-01,57.122703921123914
Kazo,Western,2026-02,53.61874021215439
Kazo,Western,2026-03,151.5072739076114
Kazo,Western,2026-04,138.76203313898165
Kazo,Western,2026-05,96.21498162701731
Kazo,Western,2026-06,35.90914268411084
Kazo,Western,2026-07,44.615779488363074
Kazo,Western,2026-08,90.10931389104196
Kazo,Western,2026-09,120.02166401325965
Kazo,Western,2026-10,153.36475107672763
Kazo,Western,2026-11,121.9135743854934
Kazo,Western,2026-12,109.55657777184518
Kibaale,Western,2025-11,125.67105924391258
Kibaale,Western,2025-12,102.88619455429195
Kibaale,Western,2026-01,51.98522473502439
Kibaale,Western,2026-02,50.49750631116844
Kibaale,Western,2026-03,155.58489281437582
Kibaale,Western,2026-04,151.8434318534003
Kibaale,Western,2026-05,147.07148320850544
Kibaale,Western,2026-06,50.74027131914603
Kibaale,Western,2026-07,57.8662640642149
Kibaale,Western,2026-08,123.37399958615333
Kibaale,Western,2026-09,147.63741786766127
Kibaale,Western,2026-10,193.42612056927
Kibaale,Western,2026-11,145.5694604879574
Kibaale,Western,2026-12,99.10669659434085
Kiboga,Central,2025-11,123.39293577528377
Kiboga,Central,2025-12,113.35425123134466
Kiboga,Central,2026-01,65.45467200444257
Kiboga,Central,2026-02,61.745330278001404
Kiboga,Central,2026-03,167.46094062993427
Kiboga,Central,2026-04,216.9076554730117
Kiboga,Central,2026-05,210.68233686589298
Kiboga,Central,2026-06,93.01559339001388
Kiboga,Central,2026-07,60.988363608739554
Kiboga,Central,2026-08,117.03741547480071
Kiboga,Central,2026-09,137.6292036172722
Kiboga,Central,2026-10,178.64028608739187
Kiboga,Central,2026-11,161.04887713861757
Kiboga,Central,2026-12,101.90566331414578
Kibuku,Eastern,2025-11,127.7901467362573
Kibuku,Eastern,2025-12,54.78124211501733
Kibuku,Eastern,2026-01,107.38393186999511
Kibuku,Eastern,2026-02,125.98962902706862
Kibuku,Eastern,2026-03,175.61276223052496
Kibuku,Eastern,2026-04,237.19810484841327
Kibuku,Eastern,2026-05,250.6637725281306
Kibuku,Eastern,2026-06,123.16835006992555
Kibuku,Eastern,2026-07,109.48838536238127
Kibuku,Eastern,2026-08,154.6915897579734
Kibuku,Eastern,2026-09,153.25877405335618
Kibuku,Eastern,2026-10,135.84149874586944
Kibuku,Eastern,2026-11,102.3220889295303
Kibuku,Eastern,2026-12,108.46272911770086
Kikuube,Western,2025-11,118.35377902306514
Kikuube,Western,2025-12,95.54834177899212
Kikuube,Western,2026-01,47.63758362312635
Kikuube,Western,2026-02,65.29992696365916
Kikuube,Western,2026-03,155.3763486777929
Kikuube,Western,2026-04,214.54544064198424
Kikuube,Western,2026-05,206.95534856848488
Kikuube,Western,2026-06,117.09768929060478
Kikuube,Western,2026-07,131.46437904874435
Kikuube,Western,2026-08,162.98579134155398
Kikuube,Western,2026-09,162.03135576769776
Kikuube,Western,2026-10,233.82128959886634
Kikuube,Western,2026-11,168.90685658941803
Kikuube,Western,2026-12,60.32898752927535
Kiruhura,Western,2025-11,116.50508579564294
Kiruhura,Western,2025-12,114.98321403232744
Kiruhura,Western,2026-01,57.25819871706246
Kiruhura,Western,2026-02,51.99909623172671
Kiruhura,Western,2026-03,150.7988847122166
Kiruhura,Western,2026-04,143.5726533120225
Kiruhura,Western,2026-05,96.0254495084488
Kiruhura,Western,2026-06,36.15534635819641
Kiruhura,Western,2026-07,46.84040031403235
Kiruhura,Western,2026-08,82.97522450296452
Kiruhura,Western,2026-09,125.3257469160578
Kiruhura,Western,2026-10,156.36678574654476
Kiruhura,Western,2026-11,122.16408330414663
Kiruhura,Western,2026-12,108.67827633951987
Kiryandongo,Western,2025-11,121.25115017628123
Kiryandongo,Western,2025-12,70.75679651510052
Kiryandongo,Western,2026-01,30.530116076881757
Kiryandongo,Western,2026-02,64.4908382717215
Kiryandongo,Western,2026-03,97.61335631060474
Kiryandongo,Western,2026-04,155.69353634762751
Kiryandongo,Western,2026-05,171.8167377864196
Kiryandongo,Western,2026-06,111.17677986057019
Kiryandongo,Western,2026-07,126.67092907132721
Kiryandongo,Western,2026-08,160.2188129462539
Kiryandongo,Western,2026-09,150.9620293103512
Kiryandongo,Western,2026-10,158.813407903127
Kiryandongo,Western,2026-11,115.83796041944139
Kiryandongo,Western,2026-12,75.54371322977144
Kisoro,Western,2025-11,172.82082628638943
Kisoro,Western,2025-12,119.8114903905915
Kisoro,Western,2026-01,74.60596585992825
Kisoro,Western,2026-02,101.65882007532505
Kisoro,Western,2026-03,152.414355011986
Kisoro,Western,2026-04,162.65995101336438
Kisoro,Western,2026-05,130.03202890135512
Kisoro,Western,2026-06,38.74183957450532
Kisoro,Western,2026-07,19.198260657175673
Kisoro,Western,2026-08,87.17768254365171
Kisoro,Western,2026-09,140.9178960916061
Kisoro,Western,2026-10,157.30615351868568
Kisoro,Western,2026-11,171.01622453572486
Kisoro,Western,2026-12,119.62153141007644
Kitagwenda,Western,2025-11,131.17345420986513
Kitagwenda,Western,2025-12,88.69310494735109
Kitagwenda,Western,2026-01,39.877963240234315
Kitagwenda,Western,2026-02,57.798054965041935
Kitagwenda,Western,2026-03,162.8190103520948
Kitagwenda,Western,2026-04,169.17919682057877
Kitagwenda,Western,2026-05,164.5235699640699
Kitagwenda,Western,2026-06,110.86680878723858
Kitagwenda,Western,2026-07,112.94071171528525
Kitagwenda,Western,2026-08,142.19606279885582
Kitagwenda,Western,2026-09,143.20507009310106
Kitagwenda,Western,2026-10,181.58654832913712
Kitagwenda,Western,2026-11,126.89668172813661
Kitagwenda,Western,2026-12,89.05720112541024
Kitgum,Northern,2025-11,81.33146786518373
Kitgum,Northern,2025-12,15.462605436933085
Kitgum,Northern,2026-01,9.691388349180633
Kitgum,Northern,2026-02,27.253669974260173
Kitgum,Northern,2026-03,67.50852235864961
Kitgum,Northern,2026-04,152.6130431938306
Kitgum,Northern,2026-05,182.50822246838274
Kitgum,Northern,2026-06,136.77677195439085
Kitgum,Northern,2026-07,158.97791866121725
Kitgum,Northern,2026-08,176.64804926730008
Kitgum,Northern,2026-09,113.28080825518848
Kitgum,Northern,2026-10,143.00285358424745
Kitgum,Northern,2026-11,81.23495029951003
Kitgum,Northern,2026-12,20.2045978374862
Koboko,Northern,2025-11,109.52379349247327
Koboko,Northern,2025-12,47.07794367538025
Koboko,Northern,2026-01,11.534142339240908
Koboko,Northern,2026-02,28.876108551650617
Koboko,Northern,2026-03,107.58243343972507
Koboko,Northern,2026-04,146.18134326785486
Koboko,Northern,2026-05,182.2762543922588
Koboko,Northern,2026-06,106.7807830976237
Koboko,Northern,2026-07,114.60674717313891
Koboko,Northern,2026-08,124.49674201405364
Koboko,Northern,2026-09,149.7556079777991
Koboko,Northern,2026-10,153.54489456204746
Koboko,Northern,2026-11,106.07270532921356
Koboko,Northern,2026-12,56.55987365926316
Kole,Northern,2025-11,161.37119021643602
Kole,Northern,2025-12,68.78018544804542
Kole,Northern,2026-01,22.118404284845873
Kole,Northern,2026-02,52.39635513410056
Kole,Northern,2026-03,97.47505460280807
Kole,Northern,2026-04,164.19414129527232
Kole,Northern,2026-05,224.25150671001197
Kole,Northern,2026-06,143.56904824035684
Kole,Northern,2026-07,144.7985235863422
Kole,Northern,2026-08,185.28287026409015
Kole,Northern,2026-09,160.450500710012
Kole,Northern,2026-10,161.70858608574855
Kole,Northern,2026-11,112.99544128334591
Kole,Northern,2026-12,71.34934783989699
Kotido,Northern,2025-11,46.019710441138024
Kotido,Northern,2025-12,18.62460519040178
Kotido,Northern,2026-01,7.632610917808599
Kotido,Northern,2026-02,22.039242011486863
Kotido,Northern,2026-03,49.696283000135196
Kotido,Northern,2026-04,114.66476520952409
Kotido,Northern,2026-05,92.60623651949008
Kotido,Northern,2026-06,80.8914870743402
Kotido,Northern,2026-07,123.75578513245858
Kotido,Northern,2026-08,113.66837766424435
Kotido,Northern,2026-09,75.67963733597016
Kotido,Northern,2026-10,67.30962323583964
Kotido,Northern,2026-11,41.45085328748402
Kotido,Northern,2026-12,41.34239202277428
Kumi,Eastern,2025-11,89.68974123811482
Kumi,Eastern,2025-12,47.5248675507269
Kumi,Eastern,2026-01,35.565982651528486
Kumi,Eastern,2026-02,66.41520703448207
Kumi,Eastern,2026-03,90.92206917023935
Kumi,Eastern,2026-04,177.4089362987644
Kumi,Eastern,2026-05,224.01555492041965
Kumi,Eastern,2026-06,111.40451349950588
Kumi,Eastern,2026-07,168.1913589025387
Kumi,Eastern,2026-08,180.5292954335212
Kumi,Eastern,2026-09,133.17103796888625
Kumi,Eastern,2026-10,168.6805897671299
Kumi,Eastern,2026-11,88.36477540017835
Kumi,Eastern,2026-12,59.211453779281584
Kwania,Northern,2025-11,139.15843220133235
Kwania,Northern,2025-12,70.893286624144
Kwania,Northern,2026-01,30.011527673754426
Kwania,Northern,2026-02,69.91873433674691
Kwania,Northern,2026-03,103.51384652391447
Kwania,Northern,2026-04,168.14772340515358
Kwania,Northern,2026-05,214.51866667561956
Kwania,Northern,2026-06,132.40717655435532
Kwania,Northern,2026-07,136.9276655937292
Kwania,Northern,2026-08,179.8604160650363
Kwania,Northern,2026-09,163.56778448177053
Kwania,Northern,2026-10,156.70175715313334
Kwania,Northern,2026-11,111.67941271442031
Kwania,Northern,2026-12,78.99410210701973
Kween,Eastern,2025-11,88.89729682061551
Kween,Eastern,2025-12,33.96454564885125
Kween,Eastern,2026-01,26.520189015573393
Kween,Eastern,2026-02,30.00920885970973
Kween,Eastern,2026-03,69.67325498234477
Kween,Eastern,2026-04,168.9720808497564
Kween,Eastern,2026-05,132.10371311688954
Kween,Eastern,2026-06,89.68643576261404
Kween,Eastern,2026-07,121.33016001219407
Kween,Eastern,2026-08,134.10301262293817
Kween,Eastern,2026-09,125.75674311584467
Kween,Eastern,2026-10,133.79841511704635
Kween,Eastern,2026-11,76.10256174769239
Kween,Eastern,2026-12,33.156719572299586
Kyankwanzi,Central,2025-11,111.10523110574344
Kyankwanzi,Central,2025-12,94.09821822218515
Kyankwanzi,Central,2026-01,38.57475469210445
Kyankwanzi,Central,2026-02,68.35688044893838
Kyankwanzi,Central,2026-03,158.22089223102026
Kyankwanzi,Central,2026-04,211.64060786731335
Kyankwanzi,Central,2026-05,233.054909775019
Kyankwanzi,Central,2026-06,121.25412752134241
Kyankwanzi,Central,2026-07,84.04420956869014
Kyankwanzi,Central,2026-08,125.50080839876074
Kyankwanzi,Central,2026-09,150.5669565014365
Kyankwanzi,Central,2026-10,210.32206539712104
Kyankwanzi,Central,2026-11,162.63808461524093
Kyankwanzi,Central,2026-12,73.45759895955145
Kyegegwa,Western,2025-11,124.32380865088571
Kyegegwa,Western,2025-12,98.74164923941763
Kyegegwa,Western,2026-01,49.507891159625025
Kyegegwa,Western,2026-02,50.29048414549986
Kyegegwa,Western,2026-03,153.41457446109973
Kyegegwa,Western,2026-04,150.744524269243
Kyegegwa,Western,2026-05,105.88197439515083
Kyegegwa,Western,2026-06,44.284488539593475
Kyegegwa,Western,2026-07,41.39450537095646
Kyegegwa,Western,2026-08,109.15183686381707
Kyegegwa,Western,2026-09,125.80131145015497
Kyegegwa,Western,2026-10,153.31233817513674
Kyegegwa,Western,2026-11,121.16261988881033
Kyegegwa,Western,2026-12,104.45927442168444
Kyenjojo,Western,2025-11,137.63137859689598
Kyenjojo,Western,2025-12,96.4847510866761
Kyenjojo,Western,2026-01,52.227752608958724
Kyenjojo,Western,2026-02,50.569894553569846
Kyenjojo,Western,2026-03,160.4716822033134
Kyenjojo,Western,2026-04,167.8641553857508
Kyenjojo,Western,2026-05,106.9338199403495
Kyenjojo,Western,2026-06,64.20083053370355
Kyenjojo,Western,2026-07,78.40613512020052
Kyenjojo,Western,2026-08,136.20912302365687
Kyenjojo,Western,2026-09,166.06439523370062
Kyenjojo,Western,2026-10,207.68892372936767
Kyenjojo,Western,2026-11,140.36631854280478
Kyenjojo,Western,2026-12,97.82434033957549
Kyotera,Central,2025-11,115.30124994071139
Kyotera,Central,2025-12,132.67490517902763
Kyotera,Central,2026-01,69.41695075112179
Kyotera,Central,2026-02,77.27223345887334
Kyotera,Central,2026-03,169.342991267965
Kyotera,Central,2026-04,166.90795495853664
Kyotera,Central,2026-05,184.8201070563088
Kyotera,Central,2026-06,74.22856472279561
Kyotera,Central,2026-07,40.383660464595806
Kyotera,Central,2026-08,76.98928561762376
Kyotera,Central,2026-09,116.65249440355436
Kyotera,Central,2026-10,131.1902103554526
Kyotera,Central,2026-11,101.18689035513151
Kyotera,Central,2026-12,132.74373242526843
Lamwo,Northern,2025-11,98.43645861939096
Lamwo,Northern,2025-12,15.637272022382408
Lamwo,Northern,2026-01,7.60992788469325
Lamwo,Northern,2026-02,28.403120260021918
Lamwo,Northern,2026-03,75.11660460795086
Lamwo,Northern,2026-04,134.05494963128746
Lamwo,Northern,2026-05,162.878326038054
Lamwo,Northern,2026-06,147.4866587694598
Lamwo,Northern,2026-07,177.05922499315065
Lamwo,Northern,2026-08,188.73708520993176
Lamwo,Northern,2026-09,131.61889776664762
Lamwo,Northern,2026-10,153.6851237299244
Lamwo,Northern,2026-11,88.06943932713133
Lamwo,Northern,2026-12,19.081998913693322
Lira,Northern,2025-11,109.46099594015237
Lira,Northern,2025-12,51.91253894738176
Lira,Northern,2026-01,15.825004186085849
Lira,Northern,2026-02,65.61481629984358
Lira,Northern,2026-03,86.2077692932097
Lira,Northern,2026-04,158.1803029799305
Lira,Northern,2026-05,214.6933478084825
Lira,Northern,2026-06,142.03504475214896
Lira,Northern,2026-07,153.06334949022803
Lira,Northern,2026-08,186.61211223425184
Lira,Northern,2026-09,148.1360602704111
Lira,Northern,2026-10,153.3588627441185
Lira,Northern,2026-11,86.08050626400531
Lira,Northern,2026-12,63.500159676273135
Luuka,Eastern,2025-11,202.4634155575872
Luuka,Eastern,2025-12,125.60646620537193
Luuka,Eastern,2026-01,51.78741678269178
Luuka,Eastern,2026-02,125.11876496342687
Luuka,Eastern,2026-03,189.2032371015849
Luuka,Eastern,2026-04,243.10072800942945
Luuka,Eastern,2026-05,246.48091325073506
Luuka,Eastern,2026-06,103.37532942737934
Luuka,Eastern,2026-07,113.57593742920983
Luuka,Eastern,2026-08,171.29230289785394
Luuka,Eastern,2026-09,146.57759406610631
Luuka,Eastern,2026-10,200.0120491349091
Luuka,Eastern,2026-11,214.3362393929944
Luuka,Eastern,2026-12,128.3372870133044
Luwero,Central,2025-11,176.03126893852203
Luwero,Central,2025-12,122.36090005172913
Luwero,Central,2026-01,48.84043229175283
Luwero,Central,2026-02,98.24150250182616
Luwero,Central,2026-03,179.58942728167804
Luwero,Central,2026-04,209.1600432244791
Luwero,Central,2026-05,205.91991448146086
Luwero,Central,2026-06,112.5311828843393
Luwero,Central,2026-07,80.68819790885215
Luwero,Central,2026-08,124.9678975644845
Luwero,Central,2026-09,144.3294446854516
Luwero,Central,2026-10,189.35224405359887
Luwero,Central,2026-11,184.97430854279645
Luwero,Central,2026-12,119.43049124353955
Lwengo,Central,2025-11,118.32780957036988
Lwengo,Central,2025-12,117.31510734631462
Lwengo,Central,2026-01,64.15726341029827
Lwengo,Central,2026-02,63.23910494161317
Lwengo,Central,2026-03,177.6306600073982
Lwengo,Central,2026-04,159.34928651742607
Lwengo,Central,2026-05,148.23859825452186
Lwengo,Central,2026-06,48.43188250413008
Lwengo,Central,2026-07,27.20480495005148
Lwengo,Central,2026-08,78.9317115566458
Lwengo,Central,2026-09,123.19257456164672
Lwengo,Central,2026-10,136.5249134312464
Lwengo,Central,2026-11,111.28739744105219
Lwengo,Central,2026-12,118.985040104777
Lyantonde,Central,2025-11,107.30129937269179
Lyantonde,Central,2025-12,118.38085534622932
Lyantonde,Central,2026-01,60.81771548295446
Lyantonde,Central,2026-02,53.29521602251516
Lyantonde,Central,2026-03,159.5930600739451
Lyantonde,Central,2026-04,148.55997256843034
Lyantonde,Central,2026-05,125.12970081005258
Lyantonde,Central,2026-06,33.25481626184484
Lyantonde,Central,2026-07,36.490323947686015
Lyantonde,Central,2026-08,82.31924332008681
Lyantonde,Central,2026-09,123.69114008626566
Lyantonde,Central,2026-10,154.69952853020365
Lyantonde,Central,2026-11,127.11438571816772
Lyantonde,Central,2026-12,108.94451199317396
Madi Okollo,Northern,2025-11,104.40552396489201
Madi Okollo,Northern,2025-12,45.448778062330646
Madi Okollo,Northern,2026-01,12.848532335373811
Madi Okollo,Northern,2026-02,28.235342454364044
Madi Okollo,Northern,2026-03,66.30511959569824
Madi Okollo,Northern,2026-04,117.64970011345065
Madi Okollo,Northern,2026-05,127.95830274403093
Madi Okollo,Northern,2026-06,109.4204623512147
Madi Okollo,Northern,2026-07,125.89427735298834
Madi Okollo,Northern,2026-08,163.19951897243735
Madi Okollo,Northern,2026-09,147.37417029992187
Madi Okollo,Northern,2026-10,155.67682138755097
Madi Okollo,Northern,2026-11,103.31667451008173
Madi Okollo,Northern,2026-12,44.513755060098745
Maracha,Northern,2025-11,119.76926467790729
Maracha,Northern,2025-12,21.916976113852748
Maracha,Northern,2026-01,8.016127525478941
Maracha,Northern,2026-02,29.334609116005623
Maracha,Northern,2026-03,102.38583563655317
Maracha,Northern,2026-04,142.15796216832103
Maracha,Northern,2026-05,173.6401200569906
Maracha,Northern,2026-06,119.774677401288
Maracha,Northern,2026-07,144.73522312769828
Maracha,Northern,2026-08,168.68221425012237
Maracha,Northern,2026-09,176.52153849531862
Maracha,Northern,2026-10,183.86001461831472
Maracha,Northern,2026-11,114.54757130143861
Maracha,Northern,2026-12,21.368606081460957
Masaka,Central,2025-11,114.60108139437841
Masaka,Central,2025-12,139.20709032664902
Masaka,Central,2026-01,85.23872611054203
Masaka,Central,2026-02,82.54229534541369
Masaka,Central,2026-03,176.05953233484618
Masaka,Central,2026-04,255.24312397535647
Masaka,Central,2026-05,249.34499687825758
Masaka,Central,2026-06,132.5625587142547
Masaka,Central,2026-07,62.430578110584186
Masaka,Central,2026-08,79.00022513045113
Masaka,Central,2026-09,116.52544248690421
Masaka,Central,2026-10,136.0625162664459
Masaka,Central,2026-11,112.2108396008583
Masaka,Central,2026-12,137.50558593787525
Masindi,Western,2025-11,106.27099383590291
Masindi,Western,2025-12,82.0711690972907
Masindi,Western,2026-01,34.33882085662718
Masindi,Western,2026-02,70.93373392089997
Masindi,Western,2026-03,121.52996895659604
Masindi,Western,2026-04,196.24411975862094
Masindi,Western,2026-05,191.6192596221607
Masindi,Western,2026-06,109.31459930342804
Masindi,Western,2026-07,139.8839274186232
Masindi,Western,2026-08,182.03844401035946
Masindi,Western,2026-09,161.07217297305783
Masindi,Western,2026-10,204.4883790890536
Masindi,Western,2026-11,154.8445320714146
Masindi,Western,2026-12,67.48646139468559
Mayuge,Eastern,2025-11,149.80209894008195
Mayuge,Eastern,2025-12,147.23643714610375
Mayuge,Eastern,2026-01,83.2883958426889
Mayuge,Eastern,2026-02,95.5826050467614
Mayuge,Eastern,2026-03,188.25036153641983
Mayuge,Eastern,2026-04,252.7925786448082
Mayuge,Eastern,2026-05,239.92620493913907
Mayuge,Eastern,2026-06,95.3200493958686
Mayuge,Eastern,2026-07,97.38733533084586
Mayuge,Eastern,2026-08,134.7380511703258
Mayuge,Eastern,2026-09,164.79915856687015
Mayuge,Eastern,2026-10,182.81761004234235
Mayuge,Eastern,2026-11,177.99755450187035
Mayuge,Eastern,2026-12,129.64006339687228
Mbale,Eastern,2025-11,173.60424460426265
Mbale,Eastern,2025-12,111.48179622816657
Mbale,Eastern,2026-01,74.53761339963559
Mbale,Eastern,2026-02,73.06046624611533
Mbale,Eastern,2026-03,144.30565736869204
Mbale,Eastern,2026-04,229.27509955077014
Mbale,Eastern,2026-05,204.44265396320657
Mbale,Eastern,2026-06,154.91247751493344
Mbale,Eastern,2026-07,154.44613425583964
Mbale,Eastern,2026-08,178.50449663149152
Mbale,Eastern,2026-09,163.76418942886272
Mbale,Eastern,2026-10,212.54636754309632
Mbale,Eastern,2026-11,167.38950571591513
Mbale,Eastern,2026-12,112.04000253764553
Mbarara,Western,2025-11,129.6985264149982
Mbarara,Western,2025-12,106.52491646127869
Mbarara,Western,2026-01,61.729238728582324
Mbarara,Western,2026-02,57.90603148993587
Mbarara,Western,2026-03,162.67942702147946
Mbarara,Western,2026-04,140.39228891180036
Mbarara,Western,2026-05,88.88501258679767
Mbarara,Western,2026-06,28.107068924803293
Mbarara,Western,2026-07,42.97553801006371
Mbarara,Western,2026-08,73.55894806130223
Mbarara,Western,2026-09,122.87045322466392
Mbarara,Western,2026-10,133.582960902308
Mbarara,Western,2026-11,120.24747901909112
Mbarara,Western,2026-12,117.78969084749257
Mitooma,Western,2025-11,151.4213626699285
Mitooma,Western,2025-12,127.68161332755909
Mitooma,Western,2026-01,62.09707331454303
Mitooma,Western,2026-02,60.36734213481476
Mitooma,Western,2026-03,176.6711768648904
Mitooma,Western,2026-04,153.97725994447876
Mitooma,Western,2026-05,126.72528346559386
Mitooma,Western,2026-06,74.48046898221149
Mitooma,Western,2026-07,50.57809975394905
Mitooma,Western,2026-08,128.20959248362118
Mitooma,Western,2026-09,148.7623160889158
Mitooma,Western,2026-10,177.96841877979685
Mitooma,Western,2026-11,147.6862302153794
Mitooma,Western,2026-12,127.54643377361361
Mityana,Central,2025-11,166.8349292333301
Mityana,Central,2025-12,103.94078861847747
Mityana,Central,2026-01,65.69893668697641
Mityana,Central,2026-02,70.08122604539554
Mityana,Central,2026-03,191.094276822637
Mityana,Central,2026-04,198.20787456513895
Mityana,Central,2026-05,184.64553207843474
Mityana,Central,2026-06,68.69263899180814
Mityana,Central,2026-07,52.0477658678339
Mityana,Central,2026-08,112.06491032717108
Mityana,Central,2026-09,118.43249798033023
Mityana,Central,2026-10,161.86110575095358
Mityana,Central,2026-11,167.7859176812416
Mityana,Central,2026-12,105.38166614197384
Moroto,Northern,2025-11,38.001440145443134
Moroto,Northern,2025-12,19.330775511294668
Moroto,Northern,2026-01,8.258913213722874
Moroto,Northern,2026-02,19.367456814941274
Moroto,Northern,2026-03,48.89813307211832
Moroto,Northern,2026-04,104.0169793049888
Moroto,Northern,2026-05,93.37171934448801
Moroto,Northern,2026-06,73.07585957479019
Moroto,Northern,2026-07,122.75146162284013
Moroto,Northern,2026-08,89.09403057946456
Moroto,Northern,2026-09,61.53701514773148
Moroto,Northern,2026-10,67.56556835279642
Moroto,Northern,2026-11,36.70889404801967
Moroto,Northern,2026-12,43.47676675292862
Moyo,Northern,2025-11,97.64124500089115
Moyo,Northern,2025-12,42.04982836781057
Moyo,Northern,2026-01,18.456414514978725
Moyo,Northern,2026-02,27.239127726504158
Moyo,Northern,2026-03,60.42906638860719
Moyo,Northern,2026-04,124.53915746386618
Moyo,Northern,2026-05,138.5871470318895
Moyo,Northern,2026-06,133.03592906797587
Moyo,Northern,2026-07,152.0003403703974
Moyo,Northern,2026-08,179.4715538370406
Moyo,Northern,2026-09,137.2996283170756
Moyo,Northern,2026-10,158.85713129494857
Moyo,Northern,2026-11,90.22744695134024
Moyo,Northern,2026-12,45.983506769791454
Mpigi,Central,2025-11,125.74398051511822
Mpigi,Central,2025-12,121.01654554870261
Mpigi,Central,2026-01,73.85204479259706
Mpigi,Central,2026-02,70.57546156042923
Mpigi,Central,2026-03,192.63704214265542
Mpigi,Central,2026-04,208.19232144069272
Mpigi,Central,2026-05,221.45573643633685
Mpigi,Central,2026-06,77.00953098928184
Mpigi,Central,2026-07,47.01582205845343
Mpigi,Central,2026-08,92.28048018983654
Mpigi,Central,2026-09,119.6554907529277
Mpigi,Central,2026-10,153.50050143836847
Mpigi,Central,2026-11,132.9510845889087
Mpigi,Central,2026-12,121.3777091007078
Mubende,Central,2025-11,136.0202984713392
Mubende,Central,2025-12,98.25501973923754
Mubende,Central,2026-01,51.484281095131855
Mubende,Central,2026-02,51.47497345312111
Mubende,Central,2026-03,155.14017146357105
Mubende,Central,2026-04,156.78522379168203
Mubende,Central,2026-05,134.79300079298346
Mubende,Central,2026-06,51.770013307354375
Mubende,Central,2026-07,52.87061354576137
Mubende,Central,2026-08,121.98245206641363
Mubende,Central,2026-09,136.73896099609252
Mubende,Central,2026-10,174.88731717373437
Mubende,Central,2026-11,136.48436760697217
Mubende,Central,2026-12,98.80982034448333
Mukono,Central,2025-11,170.84006744934834
Mukono,Central,2025-12,132.93879942563836
Mukono,Central,2026-01,84.12782959325055
Mukono,Central,2026-02,92.69780760548599
Mukono,Central,2026-03,184.46249648851054
Mukono,Central,2026-04,249.3095231028463
Mukono,Central,2026-05,220.13830862272454
Mukono,Central,2026-06,86.79604911681633
Mukono,Central,2026-07,65.93840834189093
Mukono,Central,2026-08,117.8698033407454
Mukono,Central,2026-09,145.79294154400588
Mukono,Central,2026-10,188.66087823978353
Mukono,Central,2026-11,211.80649980081446
Mukono,Central,2026-12,125.69171079837199
Nabilatuk,Northern,2025-11,88.05173927736672
Nabilatuk,Northern,2025-12,17.90623225330301
Nabilatuk,Northern,2026-01,9.16522755557724
Nabilatuk,Northern,2026-02,27.822843973330396
Nabilatuk,Northern,2026-03,58.76990303954247
Nabilatuk,Northern,2026-04,161.4661157458375
Nabilatuk,Northern,2026-05,188.19609756743503
Nabilatuk,Northern,2026-06,129.5030850735044
Nabilatuk,Northern,2026-07,135.65627880584483
Nabilatuk,Northern,2026-08,149.71033862448178
Nabilatuk,Northern,2026-09,115.5790016706816
Nabilatuk,Northern,2026-10,140.2806037064816
Nabilatuk,Northern,2026-11,66.54149451013679
Nabilatuk,Northern,2026-12,25.879108612150667
Nakapiripirit,Northern,2025-11,62.13178117701196
Nakapiripirit,Northern,2025-12,20.275733129322283
Nakapiripirit,Northern,2026-01,12.240252407331106
Nakapiripirit,Northern,2026-02,27.80357304184393
Nakapiripirit,Northern,2026-03,62.95475977867281
Nakapiripirit,Northern,2026-04,133.85076908319667
Nakapiripirit,Northern,2026-05,113.98887363133257
Nakapiripirit,Northern,2026-06,82.49778549960045
Nakapiripirit,Northern,2026-07,135.24323561514421
Nakapiripirit,Northern,2026-08,151.99651263780785
Nakapiripirit,Northern,2026-09,105.67133376636242
Nakapiripirit,Northern,2026-10,115.04095917465573
Nakapiripirit,Northern,2026-11,51.11138794881154
Nakapiripirit,Northern,2026-12,27.778525510868107
Nakaseke,Central,2025-11,103.72084624612104
Nakaseke,Central,2025-12,108.2272440613199
Nakaseke,Central,2026-01,43.43440794639416
Nakaseke,Central,2026-02,88.06221787210058
Nakaseke,Central,2026-03,157.71582960084524
Nakaseke,Central,2026-04,220.85816927029578
Nakaseke,Central,2026-05,216.86125461807487
Nakaseke,Central,2026-06,85.27492887280643
Nakaseke,Central,2026-07,77.97887680631544
Nakaseke,Central,2026-08,126.66049948961218
Nakaseke,Central,2026-09,158.7515956833226
Nakaseke,Central,2026-10,184.3496768900411
Nakaseke,Central,2026-11,158.06000402350614
Nakaseke,Central,2026-12,79.46970092169855
Nakasongola,Central,2025-11,109.4587723756316
Nakasongola,Central,2025-12,98.33722152271872
Nakasongola,Central,2026-01,40.60552720947319
Nakasongola,Central,2026-02,73.09330529084166
Nakasongola,Central,2026-03,131.55114485036117
Nakasongola,Central,2026-04,216.05605486238142
Nakasongola,Central,2026-05,230.1715218714961
Nakasongola,Central,2026-06,116.80414440550143
Nakasongola,Central,2026-07,75.88064994665119
Nakasongola,Central,2026-08,124.66449967908665
Nakasongola,Central,2026-09,152.33193312362988
Nakasongola,Central,2026-10,157.86919593722573
Nakasongola,Central,2026-11,112.67224799939775
Nakasongola,Central,2026-12,93.577635208993
Namayingo,Eastern,2025-11,109.54299859587174
Namayingo,Eastern,2025-12,155.0461109722009
Namayingo,Eastern,2026-01,82.13997258576265
Namayingo,Eastern,2026-02,91.10477654945522
Namayingo,Eastern,2026-03,182.63949752008844
Namayingo,Eastern,2026-04,254.01616278271806
Namayingo,Eastern,2026-05,240.00969975682608
Namayingo,Eastern,2026-06,103.3545394698898
Namayingo,Eastern,2026-07,143.326535946009
Namayingo,Eastern,2026-08,157.71634333553854
Namayingo,Eastern,2026-09,163.8913280248961
Namayingo,Eastern,2026-10,159.6515736533579
Namayingo,Eastern,2026-11,132.2144144326988
Namayingo,Eastern,2026-12,139.97987478948258
Namutumba,Eastern,2025-11,141.40330846264433
Namutumba,Eastern,2025-12,54.4635638770497
Namutumba,Eastern,2026-01,127.54823256168345
Namutumba,Eastern,2026-02,125.4456369908829
Namutumba,Eastern,2026-03,182.38447610600312
Namutumba,Eastern,2026-04,240.94302923863987
Namutumba,Eastern,2026-05,251.10563309716366
Namutumba,Eastern,2026-06,91.31368373290331
Namutumba,Eastern,2026-07,68.88474725194892
Namutumba,Eastern,2026-08,121.60833334280568
Namutumba,Eastern,2026-09,132.80661295028665
Namutumba,Eastern,2026-10,178.54881233844523
Namutumba,Eastern,2026-11,144.3391125163898
Namutumba,Eastern,2026-12,54.42336201761864
Napak,Northern,2025-11,51.59029461925165
Napak,Northern,2025-12,19.417437870846232
Napak,Northern,2026-01,8.493412066559152
Napak,Northern,2026-02,25.860044750814822
Napak,Northern,2026-03,58.76584494368557
Napak,Northern,2026-04,129.1295708338164
Napak,Northern,2026-05,142.74018454234022
Napak,Northern,2026-06,105.5459611577632
Napak,Northern,2026-07,154.3660677170084
Napak,Northern,2026-08,142.68370311186123
Napak,Northern,2026-09,84.38644218993166
Napak,Northern,2026-10,103.42522904362814
Napak,Northern,2026-11,48.774593197886105
Napak,Northern,2026-12,25.066523799288703
Nebbi,Northern,2025-11,108.22275847061779
Nebbi,Northern,2025-12,57.50020403760937
Nebbi,Northern,2026-01,19.952625777304526
Nebbi,Northern,2026-02,47.585261994206476
Nebbi,Northern,2026-03,74.05514291081087
Nebbi,Northern,2026-04,132.65017200056064
Nebbi,Northern,2026-05,113.1001975435364
Nebbi,Northern,2026-06,79.93742005441462
Nebbi,Northern,2026-07,91.2141669848589
Nebbi,Northern,2026-08,121.87434843162404
Nebbi,Northern,2026-09,132.54205852429254
Nebbi,Northern,2026-10,158.74645875831206
Nebbi,Northern,2026-11,113.98051347872916
Nebbi,Northern,2026-12,56.966109167704715
Ngora,Eastern,2025-11,121.38296941342304
Ngora,Eastern,2025-12,74.82896121975303
Ngora,Eastern,2026-01,28.416394517739
Ngora,Eastern,2026-02,71.09790859891288
Ngora,Eastern,2026-03,114.31752809266564
Ngora,Eastern,2026-04,196.23587455333788
Ngora,Eastern,2026-05,225.01948799787172
Ngora,Eastern,2026-06,141.95985687183847
Ngora,Eastern,2026-07,158.37516288860493
Ngora,Eastern,2026-08,194.57807282162997
Ngora,Eastern,2026-09,150.75629747724486
Ngora,Eastern,2026-10,140.8175228433114
Ngora,Eastern,2026-11,100.61774182052676
Ngora,Eastern,2026-12,98.36649727304601
Ntoroko,Western,2025-11,101.99933349790666
Ntoroko,Western,2025-12,92.03762472498015
Ntoroko,Western,2026-01,37.65463139244879
Ntoroko,Western,2026-02,36.62379438974324
Ntoroko,Western,2026-03,135.73079581882905
Ntoroko,Western,2026-04,168.41851829452855
Ntoroko,Western,2026-05,166.162510279165
Ntoroko,Western,2026-06,119.13568884809634
Ntoroko,Western,2026-07,153.99845753493145
Ntoroko,Western,2026-08,183.92130331198456
Ntoroko,Western,2026-09,168.3011143857288
Ntoroko,Western,2026-10,232.73217998728325
Ntoroko,Western,2026-11,168.2080878912154
Ntoroko,Western,2026-12,80.58421755882776
Ntungamo,Western,2025-11,131.84144183707622
Ntungamo,Western,2025-12,113.40727708683276
Ntungamo,Western,2026-01,63.16316791430752
Ntungamo,Western,2026-02,62.6871686445141
Ntungamo,Western,2026-03,165.34151738879387
Ntungamo,Western,2026-04,137.88313717415747
Ntungamo,Western,2026-05,88.9755887663912
Ntungamo,Western,2026-06,22.65358264556078
Ntungamo,Western,2026-07,37.03737821575258
Ntungamo,Western,2026-08,66.46488897299514
Ntungamo,Western,2026-09,110.43759819404816
Ntungamo,Western,2026-10,129.26910632071665
Ntungamo,Western,2026-11,121.80367723881731
Ntungamo,Western,2026-12,113.86074519596266
Nwoya,Northern,2025-11,151.7269219017897
Nwoya,Northern,2025-12,56.45535367419194
Nwoya,Northern,2026-01,24.16447098411837
Nwoya,Northern,2026-02,47.76137791777247
Nwoya,Northern,2026-03,87.89095888984575
Nwoya,Northern,2026-04,154.2459723892664
Nwoya,Northern,2026-05,162.09232707896962
Nwoya,Northern,2026-06,120.22299191301877
Nwoya,Northern,2026-07,137.29284016541587
Nwoya,Northern,2026-08,179.01285877591692
Nwoya,Northern,2026-09,151.037047554351
Nwoya,Northern,2026-10,167.72414432809492
Nwoya,Northern,2026-11,123.76449228810043
Nwoya,Northern,2026-12,57.95063889837684
Obongi,Northern,2025-11,90.20373851521728
Obongi,Northern,2025-12,26.525737692327745
Obongi,Northern,2026-01,24.368224367489315
Obongi,Northern,2026-02,30.212852255244226
Obongi,Northern,2026-03,70.37761066364529
Obongi,Northern,2026-04,123.23438610151736
Obongi,Northern,2026-05,148.3616811568956
Obongi,Northern,2026-06,140.8162863842084
Obongi,Northern,2026-07,151.85741912206407
Obongi,Northern,2026-08,173.3174422024553
Obongi,Northern,2026-09,141.7959454906359
Obongi,Northern,2026-10,147.94662671106693
Obongi,Northern,2026-11,87.21737011466038
Obongi,Northern,2026-12,29.95627433326781
Omoro,Northern,2025-11,119.87818253106259
Omoro,Northern,2025-12,57.384645606155935
Omoro,Northern,2026-01,20.040182160017658
Omoro,Northern,2026-02,61.61581445767076
Omoro,Northern,2026-03,87.55068298221283
Omoro,Northern,2026-04,156.49827360192512
Omoro,Northern,2026-05,202.2673514066078
Omoro,Northern,2026-06,129.5408214151161
Omoro,Northern,2026-07,134.29066652969274
Omoro,Northern,2026-08,184.050253017601
Omoro,Northern,2026-09,154.59993279962706
Omoro,Northern,2026-10,164.8074719543513
Omoro,Northern,2026-11,109.63185974970733
Omoro,Northern,2026-12,63.855095584367135
Otuke,Northern,2025-11,78.65621671018684
Otuke,Northern,2025-12,18.05513014095032
Otuke,Northern,2026-01,17.1844977931083
Otuke,Northern,2026-02,46.5674742038422
Otuke,Northern,2026-03,82.84076315565756
Otuke,Northern,2026-04,136.39872257145905
Otuke,Northern,2026-05,187.51826462166886
Otuke,Northern,2026-06,150.97893216097253
Otuke,Northern,2026-07,160.15762912861604
Otuke,Northern,2026-08,181.2136910385878
Otuke,Northern,2026-09,127.26814572017518
Otuke,Northern,2026-10,135.10259316229997
Otuke,Northern,2026-11,81.13131206745719
Otuke,Northern,2026-12,26.77435034883201
Oyam,Northern,2025-11,157.03577058557224
Oyam,Northern,2025-12,64.892697689214
Oyam,Northern,2026-01,21.856773537924617
Oyam,Northern,2026-02,55.65853721505832
Oyam,Northern,2026-03,89.94008721951515
Oyam,Northern,2026-04,164.68955216088906
Oyam,Northern,2026-05,220.52569487086035
Oyam,Northern,2026-06,138.18038442805388
Oyam,Northern,2026-07,138.60919208678547
Oyam,Northern,2026-08,184.96845061024527
Oyam,Northern,2026-09,153.8299606737532
Oyam,Northern,2026-10,163.20525738789595
Oyam,Northern,2026-11,113.53739747557661
Oyam,Northern,2026-12,66.78998846240351
Pader,Northern,2025-11,99.92671661382299
Pader,Northern,2025-12,31.80579856861277
Pader,Northern,2026-01,30.114037066627493
Pader,Northern,2026-02,57.454008089346516
Pader,Northern,2026-03,89.55237966708681
Pader,Northern,2026-04,140.53345609947
Pader,Northern,2026-05,176.79998239218668
Pader,Northern,2026-06,140.912447466394
Pader,Northern,2026-07,168.35750894757604
Pader,Northern,2026-08,185.56577579997887
Pader,Northern,2026-09,139.19178765167186
Pader,Northern,2026-10,143.17535941735127
Pader,Northern,2026-11,90.61782552808707
Pader,Northern,2026-12,42.154862851715244
Pallisa,Eastern,2025-11,116.12188642448932
Pallisa,Eastern,2025-12,47.06467040400418
Pallisa,Eastern,2026-01,44.73329032576288
Pallisa,Eastern,2026-02,81.18723005972939
Pallisa,Eastern,2026-03,145.15903398329755
Pallisa,Eastern,2026-04,233.53494962615278
Pallisa,Eastern,2026-05,260.55963142785345
Pallisa,Eastern,2026-06,116.1341017293786
Pallisa,Eastern,2026-07,149.0157192247742
Pallisa,Eastern,2026-08,174.23689955811346
Pallisa,Eastern,2026-09,162.58899954709827
Pallisa,Eastern,2026-10,165.5767518380816
Pallisa,Eastern,2026-11,106.15748754396547
Pallisa,Eastern,2026-12,62.74473764303814
Rakai,Central,2025-11,138.87937867824866
Rakai,Central,2025-12,107.76513873141171
Rakai,Central,2026-01,65.93161718392133
Rakai,Central,2026-02,65.6014909120586
Rakai,Central,2026-03,174.27200761109418
Rakai,Central,2026-04,148.7149798555539
Rakai,Central,2026-05,155.75431557595687
Rakai,Central,2026-06,36.95823687147446
Rakai,Central,2026-07,19.462137864958002
Rakai,Central,2026-08,69.67235850265037
Rakai,Central,2026-09,113.94821171911559
Rakai,Central,2026-10,136.6853455027878
Rakai,Central,2026-11,131.02592211580358
Rakai,Central,2026-12,112.98692587859985
Rubirizi,Western,2025-11,156.143339440075
Rubirizi,Western,2025-12,104.5803910077112
Rubirizi,Western,2026-01,47.16059256968948
Rubirizi,Western,2026-02,58.39718020134362
Rubirizi,Western,2026-03,155.4358629557722
Rubirizi,Western,2026-04,194.57955724565517
Rubirizi,Western,2026-05,140.90637271420823
Rubirizi,Western,2026-06,129.2215883283655
Rubirizi,Western,2026-07,136.06183650522632
Rubirizi,Western,2026-08,150.93087292529984
Rubirizi,Western,2026-09,143.60004218916436
Rubirizi,Western,2026-10,212.72614281218094
Rubirizi,Western,2026-11,156.52567855899355
Rubirizi,Western,2026-12,106.19039937506446
Rukungiri,Western,2025-11,144.81284155485653
Rukungiri,Western,2025-12,113.93137914204993
Rukungiri,Western,2026-01,63.10751541273635
Rukungiri,Western,2026-02,61.45626924805022
Rukungiri,Western,2026-03,168.38696148595133
Rukungiri,Western,2026-04,142.58770219006541
Rukungiri,Western,2026-05,106.3941175626077
Rukungiri,Western,2026-06,60.44006777677604
Rukungiri,Western,2026-07,36.43934935711216
Rukungiri,Western,2026-08,104.49251479293645
Rukungiri,Western,2026-09,134.13523418681126
Rukungiri,Western,2026-10,156.2023314968749
Rukungiri,Western,2026-11,140.04792189307722
Rukungiri,Western,2026-12,112.8855507436029
Rwampara,Western,2025-11,134.37389902381813
Rwampara,Western,2025-12,107.87262556351418
Rwampara,Western,2026-01,63.18935266874951
Rwampara,Western,2026-02,62.71457533125954
Rwampara,Western,2026-03,161.5584653249211
Rwampara,Western,2026-04,138.43733174488725
Rwampara,Western,2026-05,87.88914048563396
Rwampara,Western,2026-06,30.470914398668324
Rwampara,Western,2026-07,41.59212138661161
Rwampara,Western,2026-08,74.25743963577085
Rwampara,Western,2026-09,126.07518652910807
Rwampara,Western,2026-10,125.11090665556075
Rwampara,Western,2026-11,119.13764665382094
Rwampara,Western,2026-12,116.84013338052779
Serere,Eastern,2025-11,127.71574035745634
Serere,Eastern,2025-12,42.39208206311305
Serere,Eastern,2026-01,32.11686449577289
Serere,Eastern,2026-02,78.43900579178946
Serere,Eastern,2026-03,128.73910720041394
Serere,Eastern,2026-04,190.4149548938763
Serere,Eastern,2026-05,206.64765102554117
Serere,Eastern,2026-06,110.37333765452244
Serere,Eastern,2026-07,123.68790630104766
Serere,Eastern,2026-08,164.02588835279334
Serere,Eastern,2026-09,158.20926038581808
Serere,Eastern,2026-10,141.15935436605923
Serere,Eastern,2026-11,97.76403872244575
Serere,Eastern,2026-12,87.64870896765363
Sironko,Eastern,2025-11,121.97502025042986
Sironko,Eastern,2025-12,92.95031089640392
Sironko,Eastern,2026-01,41.08435675720898
Sironko,Eastern,2026-02,40.780073447632965
Sironko,Eastern,2026-03,107.40226215090814
Sironko,Eastern,2026-04,178.85553754346472
Sironko,Eastern,2026-05,202.64019742451893
Sironko,Eastern,2026-06,185.12841176724382
Sironko,Eastern,2026-07,172.42643765891236
Sironko,Eastern,2026-08,199.02012115545705
Sironko,Eastern,2026-09,191.35360449802025
Sironko,Eastern,2026-10,213.6035709380468
Sironko,Eastern,2026-11,126.46824139633775
Sironko,Eastern,2026-12,92.28225718280936
Soroti,Eastern,2025-11,160.3066931561799
Soroti,Eastern,2025-12,61.79792867750997
Soroti,Eastern,2026-01,24.025357110405544
Soroti,Eastern,2026-02,60.090738133309586
Soroti,Eastern,2026-03,95.32900273652223
Soroti,Eastern,2026-04,185.86542605547285
Soroti,Eastern,2026-05,230.9644103662063
Soroti,Eastern,2026-06,143.801081605205
Soroti,Eastern,2026-07,160.42659367402237
Soroti,Eastern,2026-08,185.32434026471248
Soroti,Eastern,2026-09,147.3000748534663
Soroti,Eastern,2026-10,155.7870601704191
Soroti,Eastern,2026-11,106.30381254236819
Soroti,Eastern,2026-12,73.9776716916912
Ssembabule,Central,2025-11,114.55412565431656
Ssembabule,Central,2025-12,117.68191568190306
Ssembabule,Central,2026-01,58.85370584939248
Ssembabule,Central,2026-02,51.15195380276663
Ssembabule,Central,2026-03,160.6392412814738
Ssembabule,Central,2026-04,155.7515958831424
Ssembabule,Central,2026-05,136.2798374434673
Ssembabule,Central,2026-06,44.869338028003575
Ssembabule,Central,2026-07,30.481538662027777
Ssembabule,Central,2026-08,90.38031236306922
Ssembabule,Central,2026-09,120.34907747873653
Ssembabule,Central,2026-10,151.27738003236914
Ssembabule,Central,2026-11,118.20704252515473
Ssembabule,Central,2026-12,116.33166131679575
Tororo,Eastern,2025-11,153.3272884997132
Tororo,Eastern,2025-12,108.04328296130808
Tororo,Eastern,2026-01,49.73024703092952
Tororo,Eastern,2026-02,73.24777216074457
Tororo,Eastern,2026-03,119.30697432369975
Tororo,Eastern,2026-04,239.56921327965537
Tororo,Eastern,2026-05,239.89547732670178
Tororo,Eastern,2026-06,138.30956091921
Tororo,Eastern,2026-07,142.50377726619098
Tororo,Eastern,2026-08,152.0571090573093
Tororo,Eastern,2026-09,148.95709500050424
Tororo,Eastern,2026-10,171.00131931941556
Tororo,Eastern,2026-11,137.9337437438126
Tororo,Eastern,2026-12,108.9518164777607
Wakiso,Central,2025-11,154.49807694690284
Wakiso,Central,2025-12,133.84254415548375
Wakiso,Central,2026-01,77.50289263143151
Wakiso,Central,2026-02,79.1357480457435
Wakiso,Central,2026-03,173.07421496663721
Wakiso,Central,2026-04,220.6553422125144
Wakiso,Central,2026-05,203.52888217660148
Wakiso,Central,2026-06,85.43172999756547
Wakiso,Central,2026-07,53.935007121492156
Wakiso,Central,2026-08,113.88884047325486
Wakiso,Central,2026-09,131.34800894305602
Wakiso,Central,2026-10,157.28869063107757
Wakiso,Central,2026-11,179.87830961009303
Wakiso,Central,2026-12,127.26644740583585
Yumbe,Northern,2025-11,104.30839380718376
Yumbe,Northern,2025-12,26.561236680004754
Yumbe,Northern,2026-01,6.222225694718021
Yumbe,Northern,2026-02,29.359365468127336
Yumbe,Northern,2026-03,76.85692754149804
Yumbe,Northern,2026-04,127.62153843503275
Yumbe,Northern,2026-05,145.18934100429482
Yumbe,Northern,2026-06,125.15854736741129
Yumbe,Northern,2026-07,127.98604214501628
Yumbe,Northern,2026-08,155.489895966659
Yumbe,Northern,2026-09,153.50953478261314
Yumbe,Northern,2026-10,161.8576568370318
Yumbe,Northern,2026-11,92.91383416733962
Yumbe,Northern,2026-12,26.177192298499335
Zombo,Northern,2025-11,154.963364646652
Zombo,Northern,2025-12,29.34716349761006
Zombo,Northern,2026-01,10.238540701646178
Zombo,Northern,2026-02,28.917289644772858
Zombo,Northern,2026-03,130.3434613039486
Zombo,Northern,2026-04,137.2792089960592
Zombo,Northern,2026-05,94.2982118839863
Zombo,Northern,2026-06,57.40041424791571
Zombo,Northern,2026-07,103.11392550871984
Zombo,Northern,2026-08,141.11649061505605
Zombo,Northern,2026-09,147.38238560309455
Zombo,Northern,2026-10,165.60437770221216
Zombo,Northern,2026-11,105.86634370501476
Zombo,Northern,2026-12,29.780143193948458
